<?xml version="1.0" encoding="UTF-8"?>
<window>
    <defaultcontrol always="true">10</defaultcontrol>
    <controls>
        <control type="image">
            <left>0</left>
            <top>0</top>
            <width>1920</width>
            <height>1080</height>
            <texture>common/black.png</texture>
            <animation type="WindowOpen" reversible="false">
                <effect type="fade" start="0" end="80" time="200" tween="sine" easing="in" />
            </animation>
        </control>
        <control type="group">
            <animation type="WindowOpen" reversible="false">
                <effect type="zoom" start="50" end="100" time="200" center="auto" tween="quadratic" easing="out" />
            </animation>
            <centerleft>50%</centerleft>
            <centertop>50%</centertop>
            <width>780</width>
            <height>480</height>
            <control type="group">
                <control type="image">
                    <texture colordiffuse="80343434">common/white.png</texture>
                </control>
                <control type="image">
                    <height>100</height>
                    <texture colordiffuse="$INFO[Window.Property(tikiskins.dialog.highlight)]">gradients/gradient-underlayer-horizontal-flipped.png</texture>
                </control>
                <control type="image">
                    <left>15</left>
                    <top>15</top>
                    <width>70</width>
                    <height>70</height>
                    <align>left</align>
                    <aligny>top</aligny>
                    <aspectratio aligny="top">keep</aspectratio>
                    <texture>luffy.png</texture>
                </control>
                <control type="label">
                    <height>100</height>
                    <font>font12</font>
                    <textcolor>FFCCCCCC</textcolor>
                    <align>center</align>
                    <aligny>center</aligny>
                    <label>[UPPERCASE][B]$INFO[Window.Property(tikiskins.dialog.heading)][/B][/UPPERCASE]</label>
                </control>
            </control>
            <control type="group">
                <control type="textbox">
                    <left>40</left>
                    <top>130</top>
                    <width>700</width>
                    <height>210</height>
                    <font>font12</font>
                    <textcolor>FFB7B4BB</textcolor>
                    <align>center</align>
                    <aligny>top</aligny>
                    <label>$INFO[Window.Property(tikiskins.dialog.text)]</label>
                </control>
                <control type="group">
                    <visible>String.IsEmpty(Window.Property(tikiskins.dialog.cancel_label))</visible>
                    <control type="button" id="10">
                        <description>OK</description>
                        <top>380</top>
                        <left>220</left>
                        <width>340</width>
                        <height>70</height>
                        <onleft>11</onleft>
                        <onright>11</onright>
                        <label>[B]$INFO[Window.Property(tikiskins.dialog.ok_label)][/B]</label>
                        <font>font12</font>
                        <textcolor>FFB7B4BB</textcolor>
                        <focusedcolor>$INFO[Window().Property(tikiskins.dialog.highlight)]</focusedcolor>
                        <texturefocus colordiffuse="FFCCCCCC">common/white.png</texturefocus>
                        <texturenofocus colordiffuse="FF302F2F">common/white.png</texturenofocus>
                        <align>center</align>
                    </control>
                </control>
                <control type="group">
                    <visible>!String.IsEmpty(Window.Property(tikiskins.dialog.cancel_label))</visible>
                    <control type="button" id="10">
                        <description>OK</description>
                        <top>380</top>
                        <left>35</left>
                        <width>340</width>
                        <height>70</height>
                        <onleft>11</onleft>
                        <onright>11</onright>
                        <label>[B]$INFO[Window.Property(tikiskins.dialog.ok_label)][/B]</label>
                        <font>font12</font>
                        <textcolor>FFB7B4BB</textcolor>
                        <focusedcolor>$INFO[Window().Property(tikiskins.dialog.highlight)]</focusedcolor>
                        <texturefocus colordiffuse="FFCCCCCC">common/white.png</texturefocus>
                        <texturenofocus colordiffuse="FF302F2F">common/white.png</texturenofocus>
                        <align>center</align>
                    </control>
                    <control type="button" id="11">
                        <description>OK</description>
                        <top>380</top>
                        <left>405</left>
                        <width>340</width>
                        <height>70</height>
                        <onleft>10</onleft>
                        <onright>10</onright>
                        <label>[B]$INFO[Window.Property(tikiskins.dialog.cancel_label)][/B]</label>
                        <font>font12</font>
                        <textcolor>FFB7B4BB</textcolor>
                        <focusedcolor>$INFO[Window().Property(tikiskins.dialog.highlight)]</focusedcolor>
                        <texturefocus colordiffuse="FFCCCCCC">common/white.png</texturefocus>
                        <texturenofocus colordiffuse="FF302F2F">common/white.png</texturenofocus>
                        <align>center</align>
                    </control>
                </control>
            </control>
        </control>
    </controls>
</window>

