<?xml version="1.0" encoding="UTF-8" standalone="yes"?>
<addon id="plugin.video.thechains"                                                                                                                                    
	   name="[COLORdarkcyan]Chain Reaction[/COLOR]"                                                 
	   version="2.5.5"                                                                                                                                        
	   provider-name="Chains">
  <requires>
	<import addon="script.module.resolveurl"/>
  </requires>
  <extension point="xbmc.python.pluginsource"
            library="default.py">
        <provides>video</provides>
  </extension>
  <extension library="resources/modules/" point="xbmc.python.module" />
  <extension library="resources/sources/" point="xbmc.python.module" />
  <extension library="resources/" point="xbmc.python.module" />
  <extension point="xbmc.addon.metadata">
	<reuselanguageinvoker>true</reuselanguageinvoker>
    <summary lang="en">[COLORdarkcyan]I am the Spirit of Vengeance. Nothing will stop me from inflicting pain on all those who have inflicted it on innocent beings.[/COLOR]</summary>
    <description lang="en">[COLORdarkcyan]Last time I bothered prayin’ for something, I got swindled outta my soul[/COLOR]</description>
	
    <platform>all</platform>
	<assets>
            <icon>icon.png</icon>
            <fanart>fanart.jpg</fanart>
    </assets>
  </extension>
  
</addon>
