<?xml version="1.0" encoding="UTF-8"?>
<window>
    <controls>
        <control type="image">
            <left>0</left>
            <top>0</top>
            <width>1920</width>
            <height>1080</height>
            <texture>common/black.png</texture>
            <animation type="WindowOpen" reversible="false">
                <effect type="fade" start="0" end="80" time="200" tween="sine" easing="in" />
            </animation>
        </control>
        <control type="group">
            <animation type="WindowOpen" reversible="false">
                <effect type="zoom" start="50" end="100" time="200" center="auto" tween="quadratic" easing="out" />
            </animation>
            <centerleft>50%</centerleft>
            <centertop>50%</centertop>
            <width>1152</width>
            <height>868</height>
            <control type="group">
                <control type="image">
                    <texture colordiffuse="80343434">common/white.png</texture>
                </control>
                <control type="image">
                    <height>100</height>
                    <texture colordiffuse="dodgerblue">gradients/gradient-underlayer-horizontal-flipped.png</texture>
                </control>
                <control type="image">
                    <left>15</left>
                    <top>15</top>
                    <width>70</width>
                    <height>70</height>
                    <align>left</align>
                    <aligny>top</aligny>
                    <aspectratio aligny="top">keep</aspectratio>
                    <texture>coalition.png</texture>
                </control>
                <control type="label">
                    <height>100</height>
                    <font>font12</font>
                    <textcolor>FFCCCCCC</textcolor>
                    <align>center</align>
                    <aligny>center</aligny>
                    <label>[B]$INFO[Window.Property(tikiskins.heading)][/B]</label>
                </control>
            </control>
            <control type="group">
                <top>120</top>
                <left>20</left>
                <width>1112</width>
                <height>728</height>
                <control type="textbox" id="2000">
                    <visible>String.IsEqual(Window.Property(tikiskins.font_size),small)</visible>
                    <font>font12</font>
                    <textcolor>FFCCCCCC</textcolor>
                    <label>$INFO[Window.Property(tikiskins.text)]</label>
                    <pagecontrol>2060</pagecontrol>
                    <width>1092</width>
                </control>
                <control type="textbox" id="2000">
                    <visible>String.IsEqual(Window.Property(tikiskins.font_size),large)</visible>
                    <font>font14</font>
                    <textcolor>FFCCCCCC</textcolor>
                    <label>$INFO[Window.Property(tikiskins.text)]</label>
                    <pagecontrol>2061</pagecontrol>
                    <width>1092</width>
                </control>
                <control type="scrollbar" id="2060">
                    <visible>String.IsEqual(Window.Property(tikiskins.font_size),small)</visible>
                    <left>15r</left>
                    <top>5</top>
                    <width>15</width>
                    <height>718</height>
                    <texturesliderbackground colordiffuse="FF302F2F">common/white.png</texturesliderbackground>
                    <texturesliderbar colordiffuse="FF555556">common/white.png</texturesliderbar>
                    <texturesliderbarfocus colordiffuse="FFB7B4BB">common/white.png</texturesliderbarfocus>
                    <onleft>2060</onleft>
                    <onright>2060</onright>
                    <showonepage>false</showonepage>
                    <orientation>vertical</orientation>
                </control>
                <control type="scrollbar" id="2061">
                    <visible>String.IsEqual(Window.Property(tikiskins.font_size),large)</visible>
                    <left>15r</left>
                    <top>5</top>
                    <width>15</width>
                    <height>718</height>
                    <texturesliderbackground colordiffuse="FF302F2F">common/white.png</texturesliderbackground>
                    <texturesliderbar colordiffuse="FF555556">common/white.png</texturesliderbar>
                    <texturesliderbarfocus colordiffuse="FFB7B4BB">common/white.png</texturesliderbarfocus>
                    <onleft>2061</onleft>
                    <onright>2061</onright>
                    <showonepage>false</showonepage>
                    <orientation>vertical</orientation>
                </control>
            </control>
        </control>
    </controls>
</window>

