<?xml version="1.0" encoding="UTF-8" standalone="yes"?>
<addon id="script.ChainsMaintenance" name="Chains Maintenance" version="1.4" provider-name="Chains">
  <requires>
    <import addon="script.module.requests" version="1.0.1" />
  </requires>
  <extension point="xbmc.python.pluginsource" library="default.py">
     <provides>executable</provides>
  </extension>
  <extension point="xbmc.service" library="service.py" start="startup" />
  <extension point="xbmc.addon.metadata">
	<summary>Maintenance Tool for Kodi</summary>
	<description>Keep your Kodi running the way you want fast with a Custom Wizard Feature.</description>
    <language></language>
    <platform>all</platform>
    <license>The MIT License</license>
    <forum>-</forum>
    <source>https://github.com</source>
    <assets>
	    <icon>icon.png</icon>
	    <fanart>fanart.png</fanart>
    </assets>
  </extension>
</addon>
