<?xml version="1.0" encoding="UTF-8"?>
<window>
	<!-- <defaultcontrol>2000</defaultcontrol> -->
	<controls>
		<control type="image">
			<description>background</description>
			<left>0</left>
			<top>0</top>
			<width>1920</width>
			<height>1080</height>
			<texture>common/black.png</texture>
		</control>

		<control type="image">
			<description>clearlogo</description>
			<left>348</left>
			<top>5</top>
			<width max="696">auto</width>
			<height>140</height>
			<aspectratio align="center" aligny="center">keep</aspectratio>
			<texture background="true">$INFO[Window().Property(chainsunleashed.clearlogo)]</texture>
			<animation effect="zoom" start="0,100" end="90" time="1000" delay="350" center="auto" tween="back" easing="out">WindowOpen</animation>
		</control>
		<control type="image">
			<description>poster</description>
			<left>519r</left>
			<top>158</top>
			<width>486</width>
			<height>729</height>
			<aspectratio aligny="top">keep</aspectratio>
			<texture background="true">$INFO[Window().Property(chainsunleashed.poster)]</texture>
			<bordertexture border="-8,-8,-8,-63" infill="false" colordiffuse="$INFO[Window().Property(chainsunleashed.highlight.color)]">common/white.png</bordertexture>
		</control>
		<control type="label">
			<description>episode details</description>
			<left>519r</left>
			<top>84</top>
			<width>486</width>
			<height>75</height>
			<font>font14</font>
			<textcolor>white</textcolor>
			<align>center</align>
			<aligny>center</aligny>
			<autoscroll>false</autoscroll>
			<label>[B]$INFO[Window().Property(chainsunleashed.mpaa)]  |  $INFO[Window().Property(chainsunleashed.premiered)]  |  $INFO[Window().Property(chainsunleashed.duration)]m[/B]</label>
			<visible>!String.IsEmpty(Window().Property(chainsunleashed.season))</visible>
		</control>
		<control type="label">
			<description>movie details</description>
			<left>519r</left>
			<top>84</top>
			<width>486</width>
			<height>75</height>
			<font>font14</font>
			<textcolor>white</textcolor>
			<align>center</align>
			<aligny>center</aligny>
			<autoscroll>false</autoscroll>
			<label>[B]$INFO[Window().Property(chainsunleashed.mpaa)]  |  $INFO[Window().Property(chainsunleashed.year)]  |  $INFO[Window().Property(chainsunleashed.duration)]m[/B]</label>
			<visible>String.IsEmpty(Window().Property(chainsunleashed.season))</visible>
		</control>
		<control type="label">
			<description>sources label</description>
			<left>519r</left>
			<top>882</top>
			<width>486</width>
			<height>75</height>
			<font>font14</font>
			<textcolor>black</textcolor>
			<align>center</align>
			<aligny>center</aligny>
			<autoscroll>false</autoscroll>
			<!-- <label>[B][COLOR $INFO[Window().Property(chainsunleashed.highlight.color)]]$INFO[Window().Property(chainsunleashed.total_results)] SOURCES[/COLOR][/B]</label> -->
			<label>[B]$INFO[Window().Property(chainsunleashed.total_results)] SOURCES[/B]</label>
		</control>
		<control type="button" id="2001">
			<description>uncached torrents</description>
			<onright>2000</onright>
			<onleft>2000</onleft>
			<left>419r</left>
			<top>965</top>
			<width>288</width>
			<height>100</height>
			<textoffsetx>0</textoffsetx>
			<texturefocus colordiffuse="$INFO[Window().Property(chainsunleashed.highlight.color)]">common/button5.png</texturefocus>
			<!-- <texturenofocus colordiffuse="gainsboro">common/button2.png</texturenofocus> -->
			<texturenofocus>common/button5.png</texturenofocus>
			<label>$ADDON[plugin.video.chainsunleashed 32639]</label>
			<font>font12</font>
			<align>center</align>
			<textcolor>white</textcolor>
			<focusedcolor>white</focusedcolor>
			<visible>true</visible>
		</control>
		<control type="group" id="1">
			<left>25</left>
			<width>1343</width>
			<control type="list" id="2000">
				<description>Source Select List</description>
				<viewtype>list</viewtype>
				<left>0</left>
				<top>150</top>
				<width>1343</width>
				<height>800</height>
				<onright>2001</onright>
				<onleft>2000</onleft>
				<onup>2000</onup>
				<ondown>2000</ondown>
				<scrolltime tween="sine">400</scrolltime>
				<orientation>Vertical</orientation>
				<itemlayout height="100" width="1325">
					<control type="image">
						<description>Quality Icon</description>
						<left>0</left>
						<top>0</top>
						<width>100</width>
						<height>100</height>
						<align>left</align>
						<aligny>center</aligny>
						<aspectratio>keep</aspectratio>
						<texture>$INFO[ListItem.Property(chainsunleashed.quality_icon)]</texture>
					</control>
					<control type="label">
						<description>Line1 link name</description>
						<left>110</left>
						<top>15</top>
						<width>1240</width>
						<height>25</height>
						<font>font13</font>
						<textcolor>white</textcolor>
						<align>left</align>
						<aligny>bottom</aligny>
						<label>[COLOR $INFO[Window().Property(chainsunleashed.highlight.color)]][B]$INFO[ListItem.Property(chainsunleashed.count)]  $INFO[ListItem.Property(chainsunleashed.name)][/B][/COLOR]</label>
						<visible>!String.Contains(ListItem.Property(chainsunleashed.source),UNCACHED)</visible>
					</control>
					<control type="label">
						<description>Line1 link name-UNCACHED TORRENTS</description>
						<left>110</left>
						<top>15</top>
						<width>1240</width>
						<height>25</height>
						<font>font13</font>
						<textcolor>white</textcolor>
						<align>left</align>
						<aligny>bottom</aligny>
						<label>[B]$INFO[ListItem.Property(chainsunleashed.count)]  $INFO[ListItem.Property(chainsunleashed.name)][/B]</label>
						<visible>String.Contains(ListItem.Property(chainsunleashed.source),UNCACHED)</visible>
					</control>
					<control type="label">
						<description>Line2 cloud file</description>
						<left>180</left>
						<top>50</top>
						<width>1170</width>
						<height>25</height>
						<font>font12</font>
						<textcolor>white</textcolor>
						<align>left</align>
						<aligny>top</aligny>
						<label>$INFO[ListItem.Property(chainsunleashed.size_label)]   [COLOR $INFO[Window().Property(chainsunleashed.highlight.color)]]|[/COLOR]   $INFO[ListItem.Property(chainsunleashed.debrid)]   [COLOR $INFO[Window().Property(chainsunleashed.highlight.color)]]|[/COLOR]   $INFO[ListItem.Property(chainsunleashed.source)]</label>
						<visible>String.IsEqual(ListItem.Property(chainsunleashed.source),CLOUD)</visible>
					</control>
					<control type="label">
						<description>Line2 cached torrents</description>
						<left>180</left>
						<top>50</top>
						<width>1170</width>
						<height>25</height>
						<font>font12</font>
						<textcolor>white</textcolor>
						<align>left</align>
						<aligny>top</aligny>
						<label>$INFO[ListItem.Property(chainsunleashed.size_label)]   [COLOR $INFO[Window().Property(chainsunleashed.highlight.color)]]|[/COLOR]   $INFO[ListItem.Property(chainsunleashed.debrid)]   [COLOR $INFO[Window().Property(chainsunleashed.highlight.color)]]|[/COLOR]   $INFO[ListItem.Property(chainsunleashed.provider)]   [COLOR $INFO[Window().Property(chainsunleashed.highlight.color)]]|[/COLOR]   $INFO[ListItem.Property(chainsunleashed.source)]</label>
						<visible>!String.Contains(ListItem.Property(chainsunleashed.source),DIRECT) + !String.Contains(ListItem.Property(chainsunleashed.source),LOCAL) + !String.Contains(ListItem.Property(chainsunleashed.source),UNCACHED) + !String.Contains(ListItem.Property(chainsunleashed.source),CLOUD)</visible>
					</control>
					<control type="label">
						<description>Line2 uncached torrents</description>
						<left>180</left>
						<top>50</top>
						<width>1170</width>
						<height>25</height>
						<font>font12</font>
						<textcolor>white</textcolor>
						<align>left</align>
						<aligny>top</aligny>
						<label>$INFO[ListItem.Property(chainsunleashed.size_label)]   [COLOR $INFO[Window().Property(chainsunleashed.highlight.color)]]|[/COLOR]   $INFO[ListItem.Property(chainsunleashed.debrid)]   [COLOR $INFO[Window().Property(chainsunleashed.highlight.color)]]|[/COLOR]   $INFO[ListItem.Property(chainsunleashed.provider)]   [COLOR $INFO[Window().Property(chainsunleashed.highlight.color)]]|[/COLOR]   $INFO[ListItem.Property(chainsunleashed.source)]   [COLOR $INFO[Window().Property(chainsunleashed.highlight.color)]]|[/COLOR]   SEEDERS: $INFO[ListItem.Property(chainsunleashed.seeders)]</label>
						<visible>String.Contains(ListItem.Property(chainsunleashed.source),UNCACHED)</visible>
					</control>
					<control type="label">
						<description>Line2 direct or local links</description>
						<left>180</left>
						<top>50</top>
						<width>1170</width>
						<height>25</height>
						<font>font12</font>
						<textcolor>white</textcolor>
						<align>left</align>
						<aligny>top</aligny>
						<label>$INFO[ListItem.Property(chainsunleashed.size_label)]   [COLOR $INFO[Window().Property(chainsunleashed.highlight.color)]]|[/COLOR]   $INFO[ListItem.Property(chainsunleashed.source)]   [COLOR $INFO[Window().Property(chainsunleashed.highlight.color)]]|[/COLOR]   $INFO[ListItem.Property(chainsunleashed.provider)]</label>
						<visible>String.Contains(ListItem.Property(chainsunleashed.source),DIRECT) | String.Contains(ListItem.Property(chainsunleashed.source),LOCAL)</visible>
					</control>
					<control type="label">
						<description>Line2 hosters</description>
						<left>180</left>
						<top>50</top>
						<width>1170</width>
						<height>25</height>
						<font>font12</font>
						<textcolor>white</textcolor>
						<align>left</align>
						<aligny>top</aligny>
						<label>$INFO[ListItem.Property(chainsunleashed.size_label)]   [COLOR $INFO[Window().Property(chainsunleashed.highlight.color)]]|[/COLOR]   $INFO[ListItem.Property(chainsunleashed.debrid)]   [COLOR $INFO[Window().Property(chainsunleashed.highlight.color)]]|[/COLOR]   $INFO[ListItem.Property(chainsunleashed.provider)]   [COLOR $INFO[Window().Property(chainsunleashed.highlight.color)]]|[/COLOR]   $INFO[ListItem.Property(chainsunleashed.source)]   [COLOR $INFO[Window().Property(chainsunleashed.highlight.color)]]|[/COLOR]   HOSTER</label>
						<visible>!String.Contains(ListItem.Property(chainsunleashed.source),DIRECT) + !String.Contains(ListItem.Property(chainsunleashed.source),LOCAL) + !String.Contains(ListItem.Property(chainsunleashed.source),TORRENT) + !String.IsEqual(ListItem.Property(chainsunleashed.source),CLOUD)</visible>
					</control>
				</itemlayout>
				<focusedlayout height="100" width="1325">
					<control type="image">
						<left>0</left>
						<top>0</top>
						<width>1350</width>
						<height>100</height>
						<texture colordiffuse="$INFO[Window().Property(chainsunleashed.highlight.color)]">common/white.png</texture>
					</control>
					<control type="image">
						<left>0</left>
						<top>0</top>
						<width>1350</width>
						<height>100</height>
						<texture colordiffuse="77FFFFFF">common/black.png</texture>
						<visible>!Control.HasFocus(2000)</visible>
					</control>
					<control type="image">
						<description>Quality Icon</description>
						<left>0</left>
						<top>0</top>
						<width>100</width>
						<height>100</height>
						<align>left</align>
						<aligny>center</aligny>
						<aspectratio>keep</aspectratio>
						<texture>$INFO[ListItem.Property(chainsunleashed.quality_icon)]</texture>
					</control>
					<control type="label">
						<description>Line1 link name</description>
						<left>110</left>
						<top>15</top>
						<width>1240</width>
						<height>25</height>
						<font>font13</font>
						<textcolor>black</textcolor>
						<align>left</align>
						<aligny>bottom</aligny>
						<label>[B]$INFO[ListItem.Property(chainsunleashed.count)]  $INFO[ListItem.Property(chainsunleashed.name)][/B]</label>
					</control>
					<control type="label">
						<description>Line2 cloud file</description>
						<left>180</left>
						<top>50</top>
						<width>1170</width>
						<height>25</height>
						<font>font12</font>
						<textcolor>black</textcolor>
						<align>left</align>
						<aligny>top</aligny>
						<label>[B]$INFO[ListItem.Property(chainsunleashed.size_label)]   [COLOR black]|[/COLOR]   $INFO[ListItem.Property(chainsunleashed.debrid)]   [COLOR black]|[/COLOR]   $INFO[ListItem.Property(chainsunleashed.source)][/B]</label>
						<visible>String.IsEqual(ListItem.Property(chainsunleashed.source),CLOUD)</visible>
					</control>
					<control type="label">
						<description>Line2 cached torrents</description>
						<left>180</left>
						<top>50</top>
						<width>1170</width>
						<height>25</height>
						<font>font12</font>
						<textcolor>black</textcolor>
						<align>left</align>
						<aligny>top</aligny>
						<label>[B]$INFO[ListItem.Property(chainsunleashed.size_label)]   [COLOR black]|[/COLOR]   $INFO[ListItem.Property(chainsunleashed.debrid)]   [COLOR black]|[/COLOR]   $INFO[ListItem.Property(chainsunleashed.provider)]   [COLOR black]|[/COLOR]   $INFO[ListItem.Property(chainsunleashed.source)][/B]</label>
						<visible>!String.Contains(ListItem.Property(chainsunleashed.source),DIRECT) + !String.Contains(ListItem.Property(chainsunleashed.source),LOCAL) + !String.Contains(ListItem.Property(chainsunleashed.source),UNCACHED) + !String.Contains(ListItem.Property(chainsunleashed.source),CLOUD)</visible>
					</control>
					<control type="label">
						<description>Line2 uncached torrents</description>
						<left>180</left>
						<top>50</top>
						<width>1170</width>
						<height>25</height>
						<font>font12</font>
						<textcolor>black</textcolor>
						<align>left</align>
						<aligny>top</aligny>
						<label>[B]$INFO[ListItem.Property(chainsunleashed.size_label)]   [COLOR black]|[/COLOR]   $INFO[ListItem.Property(chainsunleashed.debrid)]   [COLOR black]|[/COLOR]   $INFO[ListItem.Property(chainsunleashed.provider)]   [COLOR black]|[/COLOR]   $INFO[ListItem.Property(chainsunleashed.source)]   [COLOR black]|[/COLOR]   SEEDERS: $INFO[ListItem.Property(chainsunleashed.seeders)][/B]</label>
						<visible>String.Contains(ListItem.Property(chainsunleashed.source),UNCACHED)</visible>
					</control>
					<control type="label">
						<description>Line2 direct or local links</description>
						<left>180</left>
						<top>50</top>
						<width>1170</width>
						<height>25</height>
						<font>font12</font>
						<textcolor>black</textcolor>
						<align>left</align>
						<aligny>top</aligny>
						<label>[B]$INFO[ListItem.Property(chainsunleashed.size_label)]   [COLOR black]|[/COLOR]   $INFO[ListItem.Property(chainsunleashed.source)]   [COLOR black]|[/COLOR]   $INFO[ListItem.Property(chainsunleashed.provider)][/B]</label>
						<visible>String.Contains(ListItem.Property(chainsunleashed.source),DIRECT) | String.Contains(ListItem.Property(chainsunleashed.source),LOCAL)</visible>
					</control>
					<control type="label">
						<description>Line2 hosters</description>
						<left>180</left>
						<top>50</top>
						<width>1170</width>
						<height>25</height>
						<font>font12</font>
						<textcolor>black</textcolor>
						<align>left</align>
						<aligny>top</aligny>
						<label>[B]$INFO[ListItem.Property(chainsunleashed.size_label)]   [COLOR black]|[/COLOR]   $INFO[ListItem.Property(chainsunleashed.debrid)]   [COLOR black]|[/COLOR]   $INFO[ListItem.Property(chainsunleashed.provider)]   [COLOR black]|[/COLOR]   $INFO[ListItem.Property(chainsunleashed.source)]   [COLOR black]|[/COLOR]   HOSTER[/B]</label>
						<visible>!String.Contains(ListItem.Property(chainsunleashed.source),DIRECT) + !String.Contains(ListItem.Property(chainsunleashed.source),LOCAL) + !String.Contains(ListItem.Property(chainsunleashed.source),TORRENT) + !String.IsEqual(ListItem.Property(chainsunleashed.source),CLOUD)</visible>
					</control>
				</focusedlayout>
			</control>

			<control type="grouplist" id="2002">
				<description>Info icons</description>
				<left>180</left>
				<top>965</top>
				<width>1250</width>
				<height>100</height>
				<itemgap>25</itemgap>
				<orientation>horizontal</orientation>
					<control type="image">
						<description>Dolby Vision Icon</description>
						<left>0</left>
						<top>0</top>
						<width>100</width>
						<align>left</align>
						<aligny>center</aligny>
						<aspectratio>keep</aspectratio>
						<texture>source/dv.png</texture>
						<visible>String.Contains(Container(2000).ListItem.Property(chainsunleashed.extra_info),DOLBY-VISION)</visible>
					</control>
					<control type="image">
						<description>HDR Icon</description>
						<left>0</left>
						<top>0</top>
						<width>100</width>
						<align>left</align>
						<aligny>center</aligny>
						<aspectratio>keep</aspectratio>
						<texture>source/hdr.png</texture>
						<visible>String.Contains(Container(2000).ListItem.Property(chainsunleashed.extra_info),HDR) + !String.Contains(Container(2000).ListItem.Property(chainsunleashed.extra_info),HDRIP)</visible>
					</control>
					<control type="image">
						<description>3D Icon</description>
						<left>0</left>
						<top>0</top>
						<width>100</width>
						<align>left</align>
						<aligny>center</aligny>
						<aspectratio>keep</aspectratio>
						<texture>source/3d.png</texture>
						<visible>String.Contains(Container(2000).ListItem.Property(chainsunleashed.extra_info),3D)</visible>
					</control>
					<control type="image">
						<description>HEVC/H.265 Icon</description>
						<left>0</left>
						<top>0</top>
						<width>100</width>
						<align>left</align>
						<aligny>center</aligny>
						<aspectratio>keep</aspectratio>
						<texture>source/hevc.png</texture>
						<visible>String.Contains(Container(2000).ListItem.Property(chainsunleashed.extra_info),HEVC) | [String.Contains(Container(2000).ListItem.Property(chainsunleashed.extra_info),DOLBY-VISION) | String.Contains(Container(2000).ListItem.Property(chainsunleashed.extra_info),HDR)] + !String.Contains(Container(2000).ListItem.Property(chainsunleashed.extra_info),HDRIP) + !String.Contains(Container(2000).ListItem.Property(chainsunleashed.extra_info),AVC)</visible>
					</control>
					<control type="image">
						<description>AVC/H.264 Icon</description>
						<left>0</left>
						<top>0</top>
						<width>100</width>
						<align>left</align>
						<aligny>center</aligny>
						<aspectratio>keep</aspectratio>
						<texture>source/h264.png</texture>
						<visible>String.Contains(Container(2000).ListItem.Property(chainsunleashed.extra_info),AVC)</visible>
					</control>
					<control type="image">
						<description>MPEG Icon</description>
						<left>0</left>
						<top>0</top>
						<width>100</width>
						<align>left</align>
						<aligny>center</aligny>
						<aspectratio>keep</aspectratio>
						<texture>source/mpeg_video.png</texture>
						<visible>String.Contains(Container(2000).ListItem.Property(chainsunleashed.extra_info),MPEG)</visible>
					</control>
					<control type="image">
						<description>WMV Icon</description>
						<left>0</left>
						<top>0</top>
						<width>100</width>
						<align>left</align>
						<aligny>center</aligny>
						<aspectratio>keep</aspectratio>
						<texture>source/wmv2.png</texture>
						<visible>String.Contains(Container(2000).ListItem.Property(chainsunleashed.extra_info),WMV)</visible>
					</control>
					<control type="image">
						<description>AVI Icon</description>
						<left>0</left>
						<top>0</top>
						<width>100</width>
						<align>left</align>
						<aligny>center</aligny>
						<aspectratio>keep</aspectratio>
						<texture>source/avi.png</texture>
						<visible>String.Contains(Container(2000).ListItem.Property(chainsunleashed.extra_info),AVI)</visible>
					</control>
					<control type="image">
						<description>MKV Icon</description>
						<left>0</left>
						<top>0</top>
						<width>100</width>
						<align>left</align>
						<aligny>center</aligny>
						<aspectratio>keep</aspectratio>
						<texture>source/mkv2.png</texture>
						<visible>String.Contains(Container(2000).ListItem.Property(chainsunleashed.extra_info),MKV)</visible>
					</control>
					<control type="image">
						<description>DIVX Icon</description>
						<left>0</left>
						<top>0</top>
						<width>100</width>
						<align>left</align>
						<aligny>center</aligny>
						<aspectratio>keep</aspectratio>
						<texture>source/divx.png</texture>
						<visible>String.Contains(Container(2000).ListItem.Property(chainsunleashed.extra_info),DIVX)</visible>
					</control>
					<control type="image">
						<description>XVID Icon</description>
						<left>0</left>
						<top>0</top>
						<width>100</width>
						<align>left</align>
						<aligny>center</aligny>
						<aspectratio>keep</aspectratio>
						<texture>source/xvid.png</texture>
						<visible>String.Contains(Container(2000).ListItem.Property(chainsunleashed.extra_info),XVID)</visible>
					</control>
					<control type="image">
						<description>BLURAY Icon</description>
						<left>0</left>
						<top>0</top>
						<width>100</width>
						<align>left</align>
						<aligny>center</aligny>
						<aspectratio>keep</aspectratio>
						<texture>source/bluray.png</texture>
						<visible>String.Contains(Container(2000).ListItem.Property(chainsunleashed.extra_info),BLURAY)</visible>
					</control>
					<control type="image">
						<description>M2TS Icon</description>
						<left>0</left>
						<top>0</top>
						<width>100</width>
						<align>left</align>
						<aligny>center</aligny>
						<aspectratio>keep</aspectratio>
						<texture>source/m2ts.png</texture>
						<visible>String.Contains(Container(2000).ListItem.Property(chainsunleashed.extra_info),M2TS)</visible>
					</control>
					<control type="image">
						<description>HDTV Icon</description>
						<left>0</left>
						<top>0</top>
						<width>100</width>
						<align>left</align>
						<aligny>center</aligny>
						<aspectratio>keep</aspectratio>
						<texture>source/hdtv.png</texture>
						<visible>String.Contains(Container(2000).ListItem.Property(chainsunleashed.extra_info),HDTV)</visible>
					</control>
					<control type="image">
						<description>WEB-DL Icon</description>
						<left>0</left>
						<top>0</top>
						<width>100</width>
						<align>left</align>
						<aligny>center</aligny>
						<aspectratio>keep</aspectratio>
						<texture>source/web-dl.png</texture>
						<visible>String.Contains(Container(2000).ListItem.Property(chainsunleashed.extra_info),WEB)</visible>
					</control>
					<control type="image">
						<description>DVD Icon</description>
						<left>0</left>
						<top>0</top>
						<width>100</width>
						<align>left</align>
						<aligny>center</aligny>
						<aspectratio>keep</aspectratio>
						<texture>source/dvd.png</texture>
						<visible>String.Contains(Container(2000).ListItem.Property(chainsunleashed.extra_info),DVDRIP)</visible>
					</control>
					<control type="image">
						<description>DOLBY-ATMOS Icon</description>
						<left>0</left>
						<top>0</top>
						<width>100</width>
						<align>left</align>
						<aligny>center</aligny>
						<aspectratio>keep</aspectratio>
						<texture>audio/atmos.png</texture>
						<visible>String.Contains(Container(2000).ListItem.Property(chainsunleashed.extra_info),ATMOS)</visible>
					</control>
					<control type="image">
						<description>DOLBY-TRUEHD Icon</description>
						<left>0</left>
						<top>0</top>
						<width>100</width>
						<align>left</align>
						<aligny>center</aligny>
						<aspectratio>keep</aspectratio>
						<texture>audio/dolbytruehd.png</texture>
						<visible>String.Contains(Container(2000).ListItem.Property(chainsunleashed.extra_info),DOLBY-TRUEHD)</visible>
					</control>
					<control type="image">
						<description>DOLBY-DIGITAL Icon</description>
						<left>0</left>
						<top>0</top>
						<width>100</width>
						<align>left</align>
						<aligny>center</aligny>
						<aspectratio>keep</aspectratio>
						<texture>audio/dolbydigital.png</texture>
						<visible>String.Contains(Container(2000).ListItem.Property(chainsunleashed.extra_info),DOLBYDIGITAL)</visible>
					</control>
					<control type="image">
						<description>DOLBY-DIGITAL PLUS/EAC3 Icon</description>
						<left>0</left>
						<top>0</top>
						<width>100</width>
						<align>left</align>
						<aligny>center</aligny>
						<aspectratio>keep</aspectratio>
						<texture>audio/eac3.png</texture>
						<visible>String.Contains(Container(2000).ListItem.Property(chainsunleashed.extra_info),DD) + !String.Contains(Container(2000).ListItem.Property(chainsunleashed.extra_info),DD-EX)</visible>
					</control>
					<control type="image">
						<description>DOLBY-DIGITAL EX Icon</description>
						<left>0</left>
						<top>0</top>
						<width>100</width>
						<align>left</align>
						<aligny>center</aligny>
						<aspectratio>keep</aspectratio>
						<texture>audio/dolbydigital_ex.jpg</texture>
						<visible>String.Contains(Container(2000).ListItem.Property(chainsunleashed.extra_info),DD-EX)</visible>
					</control>
					<control type="image">
						<description>DTS-HD MA Icon</description>
						<left>0</left>
						<top>0</top>
						<width>100</width>
						<align>left</align>
						<aligny>center</aligny>
						<aspectratio>keep</aspectratio>
						<texture>audio/dtshd_ma.png</texture>
						<visible>String.Contains(Container(2000).ListItem.Property(chainsunleashed.extra_info),DTS-HD MA)</visible>
					</control>
					<control type="image">
						<description>DTS-X Icon</description>
						<left>0</left>
						<top>0</top>
						<width>100</width>
						<align>left</align>
						<aligny>center</aligny>
						<aspectratio>keep</aspectratio>
						<texture>audio/dts_x.png</texture>
						<visible>String.Contains(Container(2000).ListItem.Property(chainsunleashed.extra_info),DTS-X)</visible>
					</control>
					<control type="image">
						<description>DTS Icon</description>
						<left>0</left>
						<top>0</top>
						<width>100</width>
						<align>left</align>
						<aligny>center</aligny>
						<aspectratio>keep</aspectratio>
						<texture>audio/dts2.png</texture>
						<visible>String.Contains(Container(2000).ListItem.Property(chainsunleashed.extra_info),DTS) + !String.Contains(Container(2000).ListItem.Property(chainsunleashed.extra_info),DTS-X) + !String.Contains(Container(2000).ListItem.Property(chainsunleashed.extra_info),DTS-HD MA)</visible>
					</control>
					<control type="image">
						<description>AAC Icon</description>
						<left>0</left>
						<top>0</top>
						<width>100</width>
						<align>left</align>
						<aligny>center</aligny>
						<aspectratio>keep</aspectratio>
						<texture>audio/aac.png</texture>
						<visible>String.Contains(Container(2000).ListItem.Property(chainsunleashed.extra_info),AAC)</visible>
					</control>
					<control type="image">
						<description>MP3 Icon</description>
						<left>0</left>
						<top>0</top>
						<width>100</width>
						<align>left</align>
						<aligny>center</aligny>
						<aspectratio>keep</aspectratio>
						<texture>audio/mp3.png</texture>
						<visible>String.Contains(Container(2000).ListItem.Property(chainsunleashed.extra_info),MP3)</visible>
					</control>
					<control type="image">
						<description>FLAC Icon</description>
						<left>0</left>
						<top>0</top>
						<width>100</width>
						<align>left</align>
						<aligny>center</aligny>
						<aspectratio>keep</aspectratio>
						<texture>audio/flac.png</texture>
						<visible>String.Contains(Container(2000).ListItem.Property(chainsunleashed.extra_info),FLAC)</visible>
					</control>
					<control type="image">
						<description>MULTI-LANG Icon</description>
						<left>0</left>
						<top>0</top>
						<width>100</width>
						<align>left</align>
						<aligny>center</aligny>
						<aspectratio>keep</aspectratio>
						<texture>audio/multi_lingual.png</texture>
						<visible>String.Contains(Container(2000).ListItem.Property(chainsunleashed.extra_info),MULTI-LANG)</visible>
					</control>
					<control type="image">
						<description>2CH Icon</description>
						<left>0</left>
						<top>0</top>
						<width>100</width>
						<align>left</align>
						<aligny>center</aligny>
						<aspectratio>keep</aspectratio>
						<texture>channels/2.png</texture>
						<visible>String.Contains(Container(2000).ListItem.Property(chainsunleashed.extra_info),2CH)</visible>
					</control>
					<control type="image">
						<description>6CH Icon</description>
						<left>0</left>
						<top>0</top>
						<width>100</width>
						<align>left</align>
						<aligny>center</aligny>
						<aspectratio>keep</aspectratio>
						<texture>channels/6.png</texture>
						<visible>String.Contains(Container(2000).ListItem.Property(chainsunleashed.extra_info),6CH)</visible>
					</control>
					<control type="image">
						<description>7CH Icon</description>
						<left>0</left>
						<top>0</top>
						<width>100</width>
						<align>left</align>
						<aligny>center</aligny>
						<aspectratio>keep</aspectratio>
						<texture>channels/7.png</texture>
						<visible>String.Contains(Container(2000).ListItem.Property(chainsunleashed.extra_info),7CH)</visible>
					</control>
					<control type="image">
						<description>8CH Icon</description>
						<left>0</left>
						<top>0</top>
						<width>100</width>
						<align>left</align>
						<aligny>center</aligny>
						<aspectratio>keep</aspectratio>
						<texture>channels/8.png</texture>
						<visible>String.Contains(Container(2000).ListItem.Property(chainsunleashed.extra_info),8CH)</visible>
					</control>
			</control>
		</control>
	</controls>
</window>
