<?xml version="1.0" encoding="UTF-8" standalone="yes"?>
<addon id="script.absolution.artwork" version="2.0.4" name="[COLORdarkred]Absolution Artwork[/COLOR]" provider-name="absolution">
    <requires>
        <!--<import addon="xbmc.python" version="2.19.0"/>-->
    </requires>
    <extension point="xbmc.python.module" library="lib" />
    <extension point="xbmc.addon.metadata">
        <summary>absolution Artwork</summary>
        <description>absolution Artwork</description>
        <platform>all</platform>
        <assets>
            <icon>icon.png</icon>
            <fanart>fanart.jpg</fanart>
        </assets>
    </extension>
</addon>
