<?xml version="1.0" encoding="UTF-8" standalone="yes"?>
<addon id="plugin.video.legacy"                                                                                                                                    
	   name="[COLORsilver]Chains legacy[/COLOR]"                                                 
	   version="1.0.0"                                                                                                                                        
	   provider-name="[COLORdarkred]legacy[/COLOR]">
  <requires>
	<import addon="script.module.resolveurl"/>
  </requires>
  <extension point="xbmc.python.pluginsource"
            library="default.py">
        <provides>video</provides>
  </extension>
  <extension library="resources/modules/" point="xbmc.python.module" />
  <extension library="resources/sources/" point="xbmc.python.module" />
  <extension library="resources/" point="xbmc.python.module" />
  <extension point="xbmc.addon.metadata">
	<reuselanguageinvoker>true</reuselanguageinvoker>
    <summary lang="en">[COLORsilver]Chains Legacy[/COLOR] Is Scraper Based With Some One Clicks</summary>
    <description lang="en">[COLORsilver]Chains Legacy[/COLOR]</description>
	
    <platform>all</platform>
	<assets>
            <icon>icon.png</icon>
            <fanart>fanart.jpg</fanart>
    </assets>
  </extension>
  
</addon>
