<?xml version="1.0" encoding="UTF-8" standalone="yes"?>
<addon id="plugin.video.gallifrey"                                                                                                                                    
	   name="Gallifrey"                                                 
	   version="1.0.2"                                                                                                                                        
	   provider-name="John Smith">
  <requires>
	
  </requires>
  <extension point="xbmc.python.pluginsource"
            library="default.py">
        <provides>video</provides>
  </extension>
  <extension library="resources/modules/" point="xbmc.python.module" />
  <extension library="resources/sources/" point="xbmc.python.module" />
  <extension library="resources/" point="xbmc.python.module" />
  <extension point="xbmc.addon.metadata">
	<reuselanguageinvoker>true</reuselanguageinvoker>
    <summary lang="en">Doctor Who Collection</summary>
    <description lang="en">Bigger On The Inside</description>
	
    <platform>all</platform>
	<assets>
            <icon>icon.png</icon>
            <fanart>fanart.jpg</fanart>
    </assets>
  </extension>
  
</addon>
