<?xml version="1.0" encoding="UTF-8" standalone="yes"?>
<addon id="script.frenchie.metadata" version="1.0.0" name="[COLORred]Frenchie Metadata[/COLOR]" provider-name="Frenchie">
	<requires>
		<!--<import addon="xbmc.python" version="2.19.0"/>-->
	</requires>
	<extension point="xbmc.python.module" library="lib" />
	<extension point="xbmc.addon.metadata">
		<summary>Metadata for the Frenchie Addon</summary>
		<description>Metadata for Frenchie are maintained separately to make distribution of the the addon itself easier/faster.</description>
		<platform>all</platform>
		<assets>
        <icon>icon.png</icon>
        <fanart>fanart.jpg</fanart>
    </assets>
	</extension>
</addon>
