<?xml version="1.0" encoding="UTF-8" standalone="yes"?>
<addon id="plugin.video.thechains"
    name="[COLORgreen]The Chains[/COLOR]"
    version="4.3.4"
    provider-name="Chains">
  <requires>
	<import addon="script.module.requests"/>
	<import addon="script.module.resolveurl"/>
  </requires>
  <extension point="xbmc.python.pluginsource"
            library="default.py">
        <provides>video</provides>
  </extension>
  <extension library="resources/modules/" point="xbmc.python.module" />
  <extension library="resources/sources/" point="xbmc.python.module" />
  <extension library="resources/" point="xbmc.python.module" />
  <extension point="xbmc.addon.metadata">
	<reuselanguageinvoker>true</reuselanguageinvoker>
    <summary lang="en">Scraper And One Click Based</summary>
    <description lang="en">Faster Than A Speeding Bullet</description>

    <platform>all</platform>
	<assets>
            <icon>icon.png</icon>
            <fanart>fanart.jpg</fanart>
    </assets>
  </extension>

</addon>
